Date,P_long,P_short,signal_confidence,position
2018-01-31,0.9999999999978275,2.1724844145865063e-12,0.999999999995655,1
2018-02-01,1.0,0.0,1.0,1
2018-02-02,1.0,0.0,1.0,1
2018-02-05,0.9999999806022147,1.9397785266939138e-08,0.9999999612044295,1
2018-02-06,9.300469790931304e-06,0.999990699530209,-0.999981399060418,-1
2018-02-07,0.9999976115613712,2.3884386287642556e-06,0.9999952231227425,1
2018-02-08,2.844473825617177e-10,0.9999999997155526,-0.9999999994311053,-1
2018-02-09,5.613264730602586e-10,0.9999999994386736,-0.9999999988773471,-1
2018-02-12,1.6375932381794363e-33,1.0,-1.0,-1
2018-02-13,0.0001458166674336193,0.9998541833325664,-0.9997083666651327,-1
2018-02-14,1.3873874261906748e-13,0.9999999999998612,-0.9999999999997224,-1
2018-02-15,6.882067629667375e-22,1.0,-1.0,-1
2018-02-16,4.677592908360862e-10,0.9999999995322407,-0.9999999990644814,-1
2018-02-20,1.0177652199425958e-13,0.9999999999998982,-0.9999999999997964,-1
2018-02-21,0.1446507113262361,0.8553492886737639,-0.7106985773475278,-1
2018-02-22,0.9999999823753961,1.762460388743392e-08,0.9999999647507922,1
2018-02-23,0.0011978134015881124,0.9988021865984119,-0.9976043731968238,-1
2018-02-26,0.9999999999981946,1.8054446826454296e-12,0.9999999999963891,1
2018-02-27,4.5437238329249035e-05,0.9999545627616707,-0.9999091255233414,-1
2018-02-28,1.8969452513252747e-08,0.9999999810305474,-0.9999999620610949,-1
2018-03-01,5.839053572178682e-05,0.9999416094642782,-0.9998832189285565,-1
2018-03-02,9.719847183885014e-28,1.0,-1.0,-1
2018-03-05,1.7096610092704663e-11,0.9999999999829033,-0.9999999999658067,-1
2018-03-06,0.9999971116591518,2.8883408481616968e-06,0.9999942233183037,1
2018-03-07,0.9999999999999827,1.7319479184152442e-14,0.9999999999999654,1
2018-03-08,1.1644171076262288e-05,0.9999883558289238,-0.9999767116578475,-1
2018-03-09,1.0,0.0,1.0,1
2018-03-12,1.0,0.0,1.0,1
2018-03-13,0.9999999997823856,2.1761437096756708e-10,0.9999999995647713,1
2018-03-14,1.0,0.0,1.0,1
2018-03-15,0.001171714349961422,0.9988282856500386,-0.9976565713000771,-1
2018-03-16,0.9720381089453095,0.02796189105469049,0.944076217890619,1
2018-03-19,0.9999995787027808,4.2129721922190555e-07,0.9999991574055616,1
2018-03-20,0.9999999999998714,1.2856382625159313e-13,0.9999999999997429,1
2018-03-21,0.999999969414981,3.058501896191501e-08,0.9999999388299621,1
2018-03-22,0.9999999999988969,1.1031175972675555e-12,0.9999999999977938,1
2018-03-23,0.9999999776322296,2.2367770413644905e-08,0.9999999552644592,1
2018-03-26,9.738153301508213e-20,1.0,-1.0,-1
2018-03-27,0.9999999999982294,1.7705836796721997e-12,0.9999999999964588,1
2018-03-28,0.9798200433020536,0.020179956697946366,0.9596400866041073,1
2018-03-29,1.291465097979269e-22,1.0,-1.0,-1
2018-04-02,1.8993636825739288e-07,0.9999998100636317,-0.9999996201272634,-1
2018-04-03,0.9999584730927724,4.1526907227584786e-05,0.9999169461855448,1
2018-04-04,1.0,0.0,1.0,1
2018-04-05,9.273988773426152e-50,1.0,-1.0,-1
2018-04-06,0.9999985914566711,1.4085433288624216e-06,0.9999971829133423,1
2018-04-09,0.9999941538304754,5.846169524592604e-06,0.9999883076609508,1
2018-04-10,8.898908130651648e-21,1.0,-1.0,-1
2018-04-11,3.5731857615238784e-08,0.9999999642681424,-0.9999999285362848,-1
2018-04-12,1.1035081907892067e-12,0.9999999999988964,-0.9999999999977929,-1
2018-04-13,5.5252616059997404e-12,0.9999999999944748,-0.9999999999889495,-1
2018-04-16,0.9999999999999998,2.220446049250313e-16,0.9999999999999996,1
2018-04-17,1.0,0.0,1.0,1
2018-04-18,0.9992620034567903,0.000737996543209718,0.9985240069135806,1
2018-04-19,7.806992558032748e-23,1.0,-1.0,-1
2018-04-20,0.999999999942389,5.761102706003385e-11,0.999999999884778,1
2018-04-23,2.1626116300754544e-16,0.9999999999999998,-0.9999999999999996,-1
2018-04-24,3.452305737721364e-31,1.0,-1.0,-1
2018-04-25,0.9999966959937386,3.304006261362069e-06,0.9999933919874773,1
2018-04-26,0.7851001169192204,0.21489988308077956,0.5702002338384409,1
2018-04-27,0.9999915633470595,8.436652940480016e-06,0.999983126694119,1
2018-04-30,1.0,0.0,1.0,1
2018-05-01,0.9999999990520132,9.479868001704972e-10,0.9999999981040264,1
2018-05-02,2.3335573532377117e-21,1.0,-1.0,-1
2018-05-03,1.764354073521883e-27,1.0,-1.0,-1
2018-05-04,0.9272875082038884,0.07271249179611161,0.8545750164077768,1
2018-05-07,1.0,0.0,1.0,1
2018-05-08,0.0007307799210933413,0.9992692200789066,-0.9985384401578132,-1
2018-05-09,3.1827327994523946e-23,1.0,-1.0,-1
2018-05-10,2.0066281647136414e-08,0.9999999799337184,-0.9999999598674367,-1
2018-05-11,2.5369016691341905e-32,1.0,-1.0,-1
2018-05-14,0.9999999926375267,7.362473297689576e-09,0.9999999852750534,1
2018-05-15,0.9999999944084308,5.591569207652469e-09,0.9999999888168616,1
2018-05-16,0.8180126594997186,0.18198734050028142,0.6360253189994372,1
2018-05-17,0.0033752957580145872,0.9966247042419855,-0.9932494084839709,-1
2018-05-18,2.75036233622629e-35,1.0,-1.0,-1
2018-05-21,1.9789007110057954e-05,0.9999802109928899,-0.9999604219857798,-1
2018-05-22,1.0,0.0,1.0,1
2018-05-23,0.9999999998181823,1.8181767202918309e-10,0.9999999996363647,1
2018-05-24,1.0,0.0,1.0,1
2018-05-25,1.0,0.0,1.0,1
2018-05-29,0.9999999935783197,6.42168029862944e-09,0.9999999871566394,1
2018-05-30,0.9999821317885714,1.786821142857331e-05,0.9999642635771429,1
2018-05-31,1.0,0.0,1.0,1
2018-06-01,0.999999999993042,6.957989739930781e-12,0.999999999986084,1
2018-06-04,0.9999742948651673,2.570513483268755e-05,0.9999485897303346,1
2018-06-05,0.9999999999944402,5.559774862717859e-12,0.9999999999888805,1
2018-06-06,0.9999999075101776,9.24898223564341e-08,0.9999998150203553,1
2018-06-07,1.0,0.0,1.0,1
2018-06-08,4.7112329161113864e-11,0.9999999999528877,-0.9999999999057754,-1
2018-06-11,1.0,0.0,1.0,1
2018-06-12,0.9999999890777459,1.0922254101153328e-08,0.9999999781554918,1
2018-06-13,5.036085582206766e-08,0.9999999496391442,-0.9999998992782884,-1
2018-06-14,4.137225505672388e-15,0.9999999999999959,-0.9999999999999918,-1
2018-06-15,1.2573429539434705e-30,1.0,-1.0,-1
2018-06-18,0.9997762263462352,0.00022377365376480274,0.9995524526924704,1
2018-06-19,0.9219053007900853,0.07809469920991474,0.8438106015801705,1
2018-06-20,0.9999999989579222,1.0420777574182694e-09,0.9999999979158445,1
2018-06-21,1.0,0.0,1.0,1
2018-06-22,0.9999999992919357,7.08064273879927e-10,0.9999999985838715,1
2018-06-25,0.18650285825632687,0.8134971417436732,-0.6269942834873463,-1
2018-06-26,0.9937316058872582,0.006268394112741826,0.9874632117745163,1
2018-06-27,0.8711794091527016,0.12882059084729836,0.7423588183054033,1
2018-06-28,6.804615193819239e-07,0.9999993195384806,-0.9999986390769613,-1
2018-06-29,1.0,0.0,1.0,1
2018-07-02,0.002245610983152846,0.9977543890168472,-0.9955087780336944,-1
2018-07-03,0.9999999934884622,6.511537753439711e-09,0.9999999869769245,1
2018-07-05,3.7526762527977566e-18,1.0,-1.0,-1
2018-07-06,0.9999841969000441,1.5803099955857824e-05,0.9999683938000883,1
2018-07-09,1.0,0.0,1.0,1
2018-07-10,2.4031044058503245e-36,1.0,-1.0,-1
2018-07-11,3.643706582816089e-07,0.9999996356293417,-0.9999992712586834,-1
2018-07-12,5.974861011501332e-06,0.9999940251389885,-0.999988050277977,-1
2018-07-13,7.271903036056811e-18,1.0,-1.0,-1
2018-07-16,0.9999999581140222,4.188597779730685e-08,0.9999999162280444,1
2018-07-17,0.9999999999963529,3.647082635893639e-12,0.9999999999927058,1
2018-07-18,0.9999188385486192,8.116145138081787e-05,0.9998376770972384,1
2018-07-19,1.5252750173275274e-08,0.9999999847472498,-0.9999999694944997,-1
2018-07-20,0.003522667595042001,0.996477332404958,-0.9929546648099159,-1
2018-07-23,1.0,0.0,1.0,1
2018-07-24,1.0,0.0,1.0,1
2018-07-25,1.0,0.0,1.0,1
2018-07-26,0.9999999830280456,1.6971954397426714e-08,0.9999999660560912,1
2018-07-27,1.0,0.0,1.0,1
2018-07-30,1.0,0.0,1.0,1
2018-07-31,0.9999999999920146,7.985390126918901e-12,0.9999999999840292,1
2018-08-01,0.9999999943161599,5.683840065273671e-09,0.9999999886323199,1
2018-08-02,1.0,0.0,1.0,1
2018-08-03,1.0,0.0,1.0,1
2018-08-06,0.9999999999453444,5.465561336848168e-11,0.9999999998906888,1
2018-08-07,0.5336679138572662,0.4663320861427338,0.06733582771453239,0
2018-08-08,0.9999999867404992,1.3259500830642423e-08,0.9999999734809983,1
2018-08-09,1.0,0.0,1.0,1
2018-08-10,0.9999987792838414,1.2207161586008652e-06,0.9999975585676828,1
2018-08-13,5.973339873108643e-15,0.999999999999994,-0.999999999999988,-1
2018-08-14,0.9999999999999594,4.063416270128073e-14,0.9999999999999187,1
2018-08-15,0.0001411445887070287,0.9998588554112929,-0.9997177108225859,-1
2018-08-16,1.0,0.0,1.0,1
2018-08-17,1.729170850645675e-10,0.9999999998270829,-0.9999999996541657,-1
2018-08-20,0.06796324286739043,0.9320367571326096,-0.8640735142652192,-1
2018-08-21,0.08624712148064015,0.9137528785193598,-0.8275057570387196,-1
2018-08-22,5.571320141292824e-10,0.999999999442868,-0.999999998885736,-1
2018-08-23,0.5677772715811771,0.4322227284188229,0.13555454316235416,0
2018-08-24,6.807401230863416e-33,1.0,-1.0,-1
2018-08-27,1.0,0.0,1.0,1
2018-08-28,1.0,0.0,1.0,1
2018-08-29,0.999999999999944,5.595524044110789e-14,0.9999999999998881,1
2018-08-30,0.0017506437958765128,0.9982493562041235,-0.996498712408247,-1
2018-08-31,1.0,0.0,1.0,1
2018-09-04,3.9390646631766737e-16,0.9999999999999996,-0.9999999999999991,-1
2018-09-05,1.2914810329150966e-20,1.0,-1.0,-1
2018-09-06,0.9999999999999987,1.3322676295501878e-15,0.9999999999999973,1
2018-09-07,1.0,0.0,1.0,1
2018-09-10,8.255642980658018e-05,0.9999174435701934,-0.9998348871403868,-1
2018-09-11,5.8264792338740385e-05,0.9999417352076613,-0.9998834704153226,-1
2018-09-12,0.9999247811751693,7.521882483074727e-05,0.9998495623503385,1
2018-09-13,6.433650431354408e-10,0.999999999356635,-0.9999999987132699,-1
2018-09-14,1.0,0.0,1.0,1
2018-09-17,0.9836604405574441,0.01633955944255594,0.9673208811148881,1
2018-09-18,1.0,0.0,1.0,1
2018-09-19,5.2429486568899154e-30,1.0,-1.0,-1
2018-09-20,0.9999987058528782,1.2941471217997602e-06,0.9999974117057564,1
2018-09-21,1.0,0.0,1.0,1
2018-09-24,0.9999999999816143,1.8385737377002442e-11,0.9999999999632285,1
2018-09-25,0.9996207162885257,0.00037928371147433193,0.9992414325770513,1
2018-09-26,0.005459161891700601,0.9945408381082994,-0.9890816762165988,-1
2018-09-27,0.9999999999999722,2.7755575615628914e-14,0.9999999999999445,1
2018-09-28,4.583336732614569e-05,0.9999541666326739,-0.9999083332653478,-1
2018-10-01,1.0,0.0,1.0,1
2018-10-02,9.610203480162798e-12,0.9999999999903898,-0.9999999999807796,-1
2018-10-03,0.9999999999999998,2.220446049250313e-16,0.9999999999999996,1
2018-10-04,0.9999999999999987,1.3322676295501878e-15,0.9999999999999973,1
2018-10-05,4.249354836355299e-29,1.0,-1.0,-1
2018-10-08,1.0,0.0,1.0,1
2018-10-09,2.8774607093604574e-08,0.9999999712253929,-0.9999999424507857,-1
2018-10-10,0.05000201552770975,0.9499979844722902,-0.8999959689445804,-1
2018-10-11,1.5903086262677397e-23,1.0,-1.0,-1
2018-10-12,7.308512364420444e-24,1.0,-1.0,-1
2018-10-15,0.9999999999999998,2.220446049250313e-16,0.9999999999999996,1
2018-10-16,4.5340499629151646e-10,0.999999999546595,-0.99999999909319,-1
2018-10-17,0.9999999999999996,4.440892098500626e-16,0.9999999999999991,1
2018-10-18,0.9998861304261023,0.00011386957389769581,0.9997722608522046,1
2018-10-19,9.313117140150685e-24,1.0,-1.0,-1
2018-10-22,0.9997301289939287,0.00026987100607134273,0.9994602579878573,1
2018-10-23,0.9717049782805635,0.02829502171943654,0.9434099565611269,1
2018-10-24,0.9999907480009348,9.25199906520735e-06,0.9999814960018696,1
2018-10-25,2.5418864433670593e-14,0.9999999999999746,-0.9999999999999492,-1
2018-10-26,1.1274211077558641e-08,0.9999999887257889,-0.9999999774515778,-1
2018-10-29,0.15643748808148178,0.8435625119185182,-0.6871250238370363,-1
2018-10-30,1.3073855104958562e-19,1.0,-1.0,-1
2018-10-31,2.174897153566877e-05,0.9999782510284644,-0.9999565020569288,-1
2018-11-01,0.99986429289147,0.00013570710852994772,0.9997285857829401,1
2018-11-02,6.167819732947823e-11,0.9999999999383218,-0.9999999998766436,-1
2018-11-05,1.6147598716564841e-18,1.0,-1.0,-1
2018-11-06,7.496424684549056e-09,0.9999999925035753,-0.9999999850071506,-1
2018-11-07,1.5608850661602294e-14,0.9999999999999843,-0.9999999999999687,-1
2018-11-08,1.7066855642379226e-12,0.9999999999982934,-0.9999999999965867,-1
2018-11-09,0.999999763145503,2.3685449701549288e-07,0.999999526291006,1
2018-11-12,0.00025534798567058715,0.9997446520143294,-0.9994893040286588,-1
2018-11-13,6.757743786551451e-15,0.9999999999999932,-0.9999999999999865,-1
2018-11-14,1.1019610080598484e-08,0.9999999889803899,-0.9999999779607798,-1
2018-11-15,0.07342755005559524,0.9265724499444048,-0.8531448998888096,-1
2018-11-16,0.9999999998675946,1.324054199614011e-10,0.9999999997351892,1
2018-11-19,0.002069116210585778,0.9979308837894142,-0.9958617675788284,-1
2018-11-20,1.1121076198373083e-10,0.9999999998887893,-0.9999999997775786,-1
2018-11-21,0.9998127855404496,0.00018721445955038885,0.9996255710808992,1
2018-11-23,8.434746768039099e-09,0.9999999915652532,-0.9999999831305064,-1
2018-11-26,0.25415901494602383,0.7458409850539762,-0.4916819701079524,-1
2018-11-27,0.993358790704342,0.006641209295658035,0.9867175814086839,1
2018-11-28,0.9996218933147796,0.0003781066852204251,0.9992437866295591,1
2018-11-29,0.00038078235319682967,0.9996192176468032,-0.9992384352936063,-1
2018-11-30,0.9968174291595006,0.0031825708404994435,0.9936348583190011,1
2018-12-03,0.015724300551854944,0.9842756994481451,-0.9685513988962902,-1
2018-12-04,1.0,0.0,1.0,1
2018-12-06,0.9999999999975404,2.459588088754572e-12,0.9999999999950808,1
2018-12-07,0.9999999944190219,5.580978124086755e-09,0.9999999888380438,1
2018-12-10,0.999915001219725,8.499878027501406e-05,0.99983000243945,1
2018-12-11,0.9999999999999998,2.220446049250313e-16,0.9999999999999996,1
2018-12-12,2.3019378205356656e-12,0.9999999999976981,-0.9999999999953961,-1
2018-12-13,0.9957624332709712,0.004237566729028752,0.9915248665419425,1
2018-12-14,0.9999999098707205,9.012927948415239e-08,0.999999819741441,1
2018-12-17,6.786353989774626e-23,1.0,-1.0,-1
2018-12-18,0.9999956180415465,4.381958453536505e-06,0.9999912360830929,1
2018-12-19,1.526888645129149e-05,0.9999847311135487,-0.9999694622270974,-1
2018-12-20,0.3570578149991657,0.6429421850008343,-0.2858843700016686,-1
2018-12-21,0.9998668606608215,0.00013313933917846743,0.9997337213216431,1
2018-12-24,0.9999999999139881,8.60118642975749e-11,0.9999999998279763,1
2018-12-26,7.14102579844119e-11,0.9999999999285898,-0.9999999998571796,-1
2018-12-27,0.9999996016618432,3.9833815679291007e-07,0.9999992033236864,1
2018-12-28,4.3027129590348673e-32,1.0,-1.0,-1
2018-12-31,1.0,0.0,1.0,1
2019-01-02,7.935852653016855e-21,1.0,-1.0,-1
2019-01-03,0.0010605072300521714,0.9989394927699479,-0.9978789855398957,-1
2019-01-04,0.003589641712957357,0.9964103582870426,-0.9928207165740852,-1
2019-01-07,0.9999999999999651,3.4861002973229915e-14,0.9999999999999303,1
2019-01-08,0.9999999997695359,2.3046409225457865e-10,0.9999999995390718,1
2019-01-09,1.4052034375264745e-10,0.9999999998594796,-0.9999999997189593,-1
2019-01-10,1.288370404972511e-08,0.9999999871162959,-0.9999999742325918,-1
2019-01-11,0.04076757085574284,0.9592324291442571,-0.9184648582885142,-1
2019-01-14,0.06673428792557248,0.9332657120744275,-0.8665314241488551,-1
2019-01-15,6.547060830485358e-10,0.9999999993452939,-0.9999999986905879,-1
2019-01-16,8.35460580277806e-16,0.9999999999999991,-0.9999999999999982,-1
2019-01-17,0.9989428037080733,0.0010571962919266875,0.9978856074161466,1
2019-01-18,1.3756499240240353e-15,0.9999999999999987,-0.9999999999999973,-1
2019-01-22,0.9999999999899469,1.0053069487980792e-11,0.9999999999798939,1
2019-01-23,0.15599549386800549,0.8440045061319945,-0.688009012263989,-1
2019-01-24,0.04340352626704949,0.9565964737329505,-0.9131929474659011,-1
2019-01-25,7.646724927898639e-16,0.9999999999999992,-0.9999999999999984,-1
2019-01-28,0.9999999999996649,3.3506530883187224e-13,0.9999999999993299,1
2019-01-29,0.9999999938198256,6.180174372261149e-09,0.9999999876396513,1
2019-01-30,1.0,0.0,1.0,1
2019-01-31,0.9999999992691249,7.308751381884804e-10,0.9999999985382497,1
2019-02-01,1.0,0.0,1.0,1
2019-02-04,1.0,0.0,1.0,1
2019-02-05,0.4744161326864085,0.5255838673135915,-0.05116773462718305,0
2019-02-06,2.8040390742776704e-13,0.9999999999997196,-0.9999999999994391,-1
2019-02-07,1.0,0.0,1.0,1
2019-02-08,0.9999999999999523,4.773959005888173e-14,0.9999999999999045,1
2019-02-11,0.161055981840267,0.838944018159733,-0.6778880363194659,-1
2019-02-12,0.9999999999999998,2.220446049250313e-16,0.9999999999999996,1
2019-02-13,0.999999999999966,3.397282455352979e-14,0.999999999999932,1
2019-02-14,2.712909452223882e-26,1.0,-1.0,-1
2019-02-15,1.0,0.0,1.0,1
2019-02-19,0.9999998059030087,1.9409699125727542e-07,0.9999996118060175,1
2019-02-20,1.6449830873875827e-10,0.9999999998355017,-0.9999999996710034,-1
2019-02-21,0.0006691925202005612,0.9993308074797994,-0.9986616149595988,-1
2019-02-22,1.0,0.0,1.0,1
2019-02-25,1.0,0.0,1.0,1
2019-02-26,0.9999999999999909,9.103828801926284e-15,0.9999999999999818,1
2019-02-27,1.0,0.0,1.0,1
2019-02-28,1.0,0.0,1.0,1
2019-03-01,0.0001044327729252154,0.9998955672270747,-0.9997911344541495,-1
2019-03-04,1.0,0.0,1.0,1
2019-03-05,4.3909613670993085e-12,0.9999999999956091,-0.9999999999912181,-1
2019-03-06,1.0,0.0,1.0,1
2019-03-07,0.9999993486304926,6.513695074428227e-07,0.9999986972609851,1
2019-03-08,0.9756052941200267,0.024394705879973277,0.9512105882400534,1
2019-03-11,0.9996976964125991,0.00030230358740090946,0.9993953928251982,1
2019-03-12,2.7614285932630364e-08,0.999999972385714,-0.9999999447714281,-1
2019-03-13,0.9999997617554081,2.382445919435483e-07,0.9999995235108161,1
2019-03-14,0.9999983740225412,1.6259774587856768e-06,0.9999967480450824,1
2019-03-15,4.208827850006036e-05,0.9999579117215,-0.9999158234429999,-1
2019-03-18,6.165998075658584e-11,0.99999999993834,-0.99999999987668,-1
2019-03-19,1.0,0.0,1.0,1
2019-03-20,9.512722512332248e-13,0.9999999999990488,-0.9999999999980975,-1
2019-03-21,1.9909664315980374e-10,0.9999999998009034,-0.9999999996018067,-1
2019-03-22,0.9999999999738365,2.616351579831644e-11,0.999999999947673,1
2019-03-25,2.072020084782301e-12,0.999999999997928,-0.999999999995856,-1
2019-03-26,5.6812007381193746e-12,0.9999999999943188,-0.9999999999886375,-1
2019-03-27,0.9999999999999998,2.220446049250313e-16,0.9999999999999996,1
2019-03-28,8.8021678844274e-28,1.0,-1.0,-1
2019-03-29,4.305371309461614e-05,0.9999569462869053,-0.9999138925738107,-1
2019-04-01,0.9999999999999951,4.884981308350689e-15,0.9999999999999902,1
2019-04-02,3.050141054126772e-08,0.9999999694985895,-0.999999938997179,-1
2019-04-03,1.0,0.0,1.0,1
2019-04-04,0.999999999283196,7.168039495297762e-10,0.9999999985663921,1
2019-04-05,1.0,0.0,1.0,1
2019-04-08,1.0,0.0,1.0,1
2019-04-09,1.0,0.0,1.0,1
2019-04-10,0.9999999999999911,8.881784197001252e-15,0.9999999999999822,1
2019-04-11,5.023490409367241e-10,0.999999999497651,-0.9999999989953019,-1
2019-04-12,0.9999993444735503,6.555264496777014e-07,0.9999986889471006,1
2019-04-15,3.11241299968568e-07,0.9999996887587,-0.9999993775174001,-1
2019-04-16,1.0,0.0,1.0,1
2019-04-17,0.9932538141474521,0.006746185852547937,0.9865076282949041,1
2019-04-18,1.5955509065315612e-13,0.9999999999998405,-0.9999999999996809,-1
2019-04-22,0.03066071938722878,0.9693392806127712,-0.9386785612255424,-1
2019-04-23,1.0,0.0,1.0,1
2019-04-24,1.0,0.0,1.0,1
2019-04-25,0.9999878137009235,1.218629907651092e-05,0.999975627401847,1
2019-04-26,1.0,0.0,1.0,1
2019-04-29,0.9999999987510699,1.24893007047433e-09,0.9999999975021399,1
2019-04-30,0.9999999967576918,3.242308199702393e-09,0.9999999935153836,1
2019-05-01,0.9999999999284537,7.154632442052389e-11,0.9999999998569074,1
2019-05-02,0.9999999999110207,8.897926839779302e-11,0.9999999998220415,1
2019-05-03,1.5644474162618345e-28,1.0,-1.0,-1
2019-05-06,1.0,0.0,1.0,1
2019-05-07,0.994471135091981,0.00552886490801896,0.9889422701839621,1
2019-05-08,1.3392005931570856e-07,0.9999998660799407,-0.9999997321598815,-1
2019-05-09,0.1270025464892782,0.8729974535107218,-0.7459949070214436,-1
2019-05-10,1.3223397578340005e-36,1.0,-1.0,-1
2019-05-13,0.00017186899753846588,0.9998281310024615,-0.999656262004923,-1
2019-05-14,8.894909265395065e-10,0.9999999991105091,-0.9999999982210181,-1
2019-05-15,8.621503485749793e-33,1.0,-1.0,-1
2019-05-16,0.9999999999999996,4.440892098500626e-16,0.9999999999999991,1
2019-05-17,1.0,0.0,1.0,1
2019-05-20,0.0018753811445919176,0.998124618855408,-0.9962492377108161,-1
2019-05-21,0.9589613957882693,0.04103860421173067,0.9179227915765387,1
2019-05-22,1.7133672882900644e-21,1.0,-1.0,-1
2019-05-23,9.049404656936645e-09,0.9999999909505953,-0.9999999819011907,-1
2019-05-24,0.9998342180624856,0.00016578193751437542,0.9996684361249712,1
2019-05-28,8.435500318838411e-22,1.0,-1.0,-1
2019-05-29,0.9946700284496323,0.00532997155036774,0.9893400568992645,1
2019-05-30,0.999999930579302,6.942069796789241e-08,0.9999998611586041,1
2019-05-31,0.9999999999999907,9.325873406851315e-15,0.9999999999999813,1
2019-06-03,2.773880460799543e-16,0.9999999999999998,-0.9999999999999996,-1
2019-06-04,1.950819539712791e-13,0.9999999999998049,-0.9999999999996099,-1
2019-06-05,0.9999999999999996,4.440892098500626e-16,0.9999999999999991,1
2019-06-06,9.303867075015118e-33,1.0,-1.0,-1
2019-06-07,1.0,0.0,1.0,1
2019-06-10,1.1392023037429423e-25,1.0,-1.0,-1
2019-06-11,1.0,0.0,1.0,1
2019-06-12,0.9999989204104003,1.0795895997173233e-06,0.9999978408208006,1
2019-06-13,1.0,0.0,1.0,1
2019-06-14,3.3963181168002506e-12,0.9999999999966037,-0.9999999999932074,-1
2019-06-17,0.9999999999233313,7.666867141153944e-11,0.9999999998466627,1
2019-06-18,1.0,0.0,1.0,1
2019-06-19,3.423794017501415e-11,0.999999999965762,-0.9999999999315241,-1
2019-06-20,0.9908445249867904,0.009155475013209569,0.9816890499735809,1
2019-06-21,1.0,0.0,1.0,1
2019-06-24,1.4140449526228245e-05,0.9999858595504738,-0.9999717191009476,-1
2019-06-25,1.0,0.0,1.0,1
2019-06-26,1.0,0.0,1.0,1
2019-06-27,3.0612379208642935e-13,0.9999999999996939,-0.9999999999993878,-1
2019-06-28,1.0,0.0,1.0,1
2019-07-01,0.9546348559642214,0.045365144035778626,0.9092697119284427,1
2019-07-02,1.0,0.0,1.0,1
2019-07-03,1.0,0.0,1.0,1
2019-07-05,1.0,0.0,1.0,1
2019-07-08,1.0,0.0,1.0,1
2019-07-09,0.9999930822161532,6.91778384676045e-06,0.9999861644323065,1
2019-07-10,0.999999867809991,1.321900090500705e-07,0.9999997356199819,1
2019-07-11,1.0,0.0,1.0,1
2019-07-12,0.019770941225457476,0.9802290587745425,-0.9604581175490849,-1
2019-07-15,0.040708282507527935,0.9592917174924721,-0.9185834349849442,-1
2019-07-16,3.38114971073918e-11,0.9999999999661885,-0.999999999932377,-1
2019-07-17,8.543433424814917e-08,0.9999999145656657,-0.9999998291313315,-1
2019-07-18,9.393061646837024e-11,0.9999999999060694,-0.9999999998121387,-1
2019-07-19,0.9999999999995568,4.432010314303625e-13,0.9999999999991136,1
2019-07-22,4.6079868650927095e-17,1.0,-1.0,-1
2019-07-23,0.0013533497078680903,0.998646650292132,-0.9972933005842639,-1
2019-07-24,0.9999999999997895,2.1049828546892968e-13,0.999999999999579,1
2019-07-25,0.9999999999999916,8.43769498715119e-15,0.9999999999999831,1
2019-07-26,0.9999951796159691,4.820384030934655e-06,0.9999903592319381,1
2019-07-29,5.1092722639029325e-17,1.0,-1.0,-1
2019-07-30,0.9999725320274719,2.7467972528061324e-05,0.9999450640549439,1
2019-07-31,1.6152527626684973e-45,1.0,-1.0,-1
2019-08-01,5.40468509779202e-05,0.9999459531490221,-0.9998919062980443,-1
2019-08-02,0.9999999999913038,8.696154907283926e-12,0.9999999999826077,1
2019-08-05,1.4247847440219395e-29,1.0,-1.0,-1
2019-08-06,0.6387440603772646,0.3612559396227354,0.2774881207545292,1
2019-08-07,1.0,0.0,1.0,1
2019-08-08,7.135795817241802e-13,0.9999999999992865,-0.9999999999985729,-1
2019-08-09,0.014302025085850068,0.9856979749141499,-0.9713959498282998,-1
2019-08-12,0.0004382482902245179,0.9995617517097755,-0.9991235034195509,-1
2019-08-13,1.0,0.0,1.0,1
2019-08-14,0.9999998678825371,1.32117462858794e-07,0.9999997357650743,1
2019-08-15,9.177695687675711e-26,1.0,-1.0,-1
2019-08-16,1.0,0.0,1.0,1
2019-08-19,2.384572185023747e-16,0.9999999999999998,-0.9999999999999996,-1
2019-08-20,3.609171637137556e-11,0.9999999999639083,-0.9999999999278166,-1
2019-08-21,5.5732863201625934e-30,1.0,-1.0,-1
2019-08-22,1.0,0.0,1.0,1
2019-08-23,0.9999999999946458,5.35416155855728e-12,0.9999999999892917,1
2019-08-26,1.9451764712552725e-30,1.0,-1.0,-1
2019-08-27,3.884466735229206e-34,1.0,-1.0,-1
2019-08-28,0.9999999999921145,7.885470054702637e-12,0.9999999999842291,1
2019-08-29,1.0,0.0,1.0,1
2019-08-30,1.3404106323830809e-19,1.0,-1.0,-1
2019-09-03,0.9997134418863016,0.00028655811369837636,0.9994268837726032,1
2019-09-04,1.0,0.0,1.0,1
2019-09-05,4.407575659946267e-22,1.0,-1.0,-1
2019-09-06,0.9999999998103875,1.896125478850763e-10,0.9999999996207749,1
2019-09-09,4.557062529191153e-14,0.9999999999999545,-0.999999999999909,-1
2019-09-10,2.8547374861563776e-16,0.9999999999999997,-0.9999999999999993,-1
2019-09-11,1.0,0.0,1.0,1
2019-09-12,0.9999999463262803,5.367371969100532e-08,0.9999998926525606,1
2019-09-13,0.9992323438911928,0.0007676561088072464,0.9984646877823855,1
2019-09-16,1.3869098590299512e-38,1.0,-1.0,-1
2019-09-17,0.009816959487984538,0.9901830405120154,-0.9803660810240309,-1
2019-09-18,4.869759381738343e-08,0.9999999513024062,-0.9999999026048123,-1
2019-09-19,0.3384848505083079,0.6615151494916921,-0.3230302989833842,-1
2019-09-20,4.653286311190137e-05,0.9999534671368882,-0.9999069342737763,-1
2019-09-23,0.9999999999999998,2.220446049250313e-16,0.9999999999999996,1
2019-09-24,0.9999999999999998,2.220446049250313e-16,0.9999999999999996,1
2019-09-25,3.589314564878228e-15,0.9999999999999964,-0.9999999999999929,-1
2019-09-26,1.0,0.0,1.0,1
2019-09-27,0.09836164519026441,0.9016383548097355,-0.8032767096194711,-1
2019-09-30,8.890557691407285e-15,0.9999999999999911,-0.9999999999999822,-1
2019-10-01,0.9999999999919096,8.09041722504844e-12,0.9999999999838192,1
2019-10-02,0.001417842760391751,0.9985821572396083,-0.9971643144792166,-1
2019-10-03,0.9985772093977293,0.0014227906022706849,0.9971544187954586,1
2019-10-04,9.288181588880159e-10,0.9999999990711819,-0.9999999981423637,-1
2019-10-07,4.9425505298116796e-17,1.0,-1.0,-1
2019-10-08,1.0,0.0,1.0,1
2019-10-09,0.36753858781009185,0.6324614121899081,-0.2649228243798163,-1
2019-10-10,4.852801783958784e-23,1.0,-1.0,-1
2019-10-11,0.9999994945261831,5.05473816914126e-07,0.9999989890523662,1
2019-10-14,1.7003104334881283e-14,0.999999999999983,-0.999999999999966,-1
2019-10-15,0.9999937445954808,6.255404519150964e-06,0.9999874891909617,1
2019-10-16,1.0,0.0,1.0,1
2019-10-17,0.00021706209801340017,0.9997829379019866,-0.9995658758039732,-1
2019-10-18,0.00017638299559118056,0.9998236170044088,-0.9996472340088176,-1
2019-10-21,0.9999998475867277,1.5241327233628255e-07,0.9999996951734553,1
2019-10-22,5.421429698413855e-31,1.0,-1.0,-1
2019-10-23,0.9999930950597335,6.904940266450055e-06,0.9999861901194671,1
2019-10-24,2.4155516057271764e-07,0.9999997584448395,-0.9999995168896789,-1
2019-10-25,0.9999995324866048,4.675133952192212e-07,0.9999990649732096,1
2019-10-28,2.766271408907663e-06,0.9999972337285911,-0.9999944674571821,-1
2019-10-29,1.0,0.0,1.0,1
2019-10-30,0.9999421752179322,5.782478206783903e-05,0.9998843504358643,1
2019-10-31,1.0,0.0,1.0,1
2019-11-01,2.214824931651822e-09,0.9999999977851751,-0.9999999955703502,-1
2019-11-04,1.0,0.0,1.0,1
2019-11-05,1.0,0.0,1.0,1
2019-11-06,1.0,0.0,1.0,1
2019-11-07,0.21431910365122459,0.7856808963487754,-0.5713617926975507,-1
2019-11-08,1.0,0.0,1.0,1
2019-11-11,1.0,0.0,1.0,1
2019-11-12,0.9999999999999998,2.220446049250313e-16,0.9999999999999996,1
2019-11-13,0.9999999999994211,5.788702850395566e-13,0.9999999999988423,1
2019-11-14,1.0,0.0,1.0,1
2019-11-15,0.9999999999971254,2.8745894553594553e-12,0.9999999999942508,1
2019-11-18,0.9865372696346998,0.013462730365300213,0.9730745392693996,1
2019-11-19,1.0,0.0,1.0,1
2019-11-20,2.661354167879272e-07,0.9999997338645832,-0.9999994677291664,-1
2019-11-21,0.9999991214232341,8.785767658947563e-07,0.9999982428464682,1
2019-11-22,1.0,0.0,1.0,1
2019-11-25,1.0,0.0,1.0,1
2019-11-26,3.828599537607609e-12,0.9999999999961714,-0.9999999999923428,-1
2019-11-27,1.0,0.0,1.0,1
2019-11-29,0.9999999999501219,4.987810164891471e-11,0.9999999999002438,1
2019-12-02,1.0,0.0,1.0,1
2019-12-03,0.8009431254297229,0.1990568745702771,0.6018862508594458,1
2019-12-04,0.9999999999998448,1.5520917884259688e-13,0.9999999999996896,1
2019-12-05,1.0,0.0,1.0,1
2019-12-06,1.5712563640560455e-13,0.9999999999998429,-0.9999999999996858,-1
2019-12-09,0.9999855885391407,1.441146085934264e-05,0.9999711770782813,1
2019-12-10,1.0,0.0,1.0,1
2019-12-11,1.0,0.0,1.0,1
2019-12-12,1.1804124498935946e-20,1.0,-1.0,-1
2019-12-13,1.0,0.0,1.0,1
2019-12-16,1.0,0.0,1.0,1
2019-12-17,0.00967168803772006,0.99032831196228,-0.98065662392456,-1
2019-12-18,7.103585826048585e-25,1.0,-1.0,-1
2019-12-19,1.0,0.0,1.0,1
2019-12-20,1.6814494595340812e-20,1.0,-1.0,-1
2019-12-23,2.9669191855771423e-12,0.999999999997033,-0.9999999999940661,-1
2019-12-24,8.203766691724594e-13,0.9999999999991797,-0.9999999999983593,-1
2019-12-26,1.0,0.0,1.0,1
2019-12-27,2.4254508630816655e-06,0.999997574549137,-0.9999951490982739,-1
2019-12-30,0.9999998833108025,1.1668919752683138e-07,0.999999766621605,1
2019-12-31,1.4154359623772875e-42,1.0,-1.0,-1
2020-01-02,1.0,0.0,1.0,1
2020-01-03,1.0,0.0,1.0,1
2020-01-06,1.0,0.0,1.0,1
2020-01-07,0.9999999999651592,3.484079691418174e-11,0.9999999999303184,1
2020-01-08,0.9982720039768579,0.0017279960231421088,0.9965440079537158,1
2020-01-09,1.3895485563017246e-17,1.0,-1.0,-1
2020-01-10,0.9999999997479165,2.520834652131043e-10,0.9999999994958331,1
2020-01-13,1.0,0.0,1.0,1
2020-01-14,0.9999994822184891,5.177815108892148e-07,0.9999989644369782,1
2020-01-15,0.9999999999874536,1.2546408356683969e-11,0.9999999999749072,1
2020-01-16,1.0356639316812678e-17,1.0,-1.0,-1
2020-01-17,0.9999999999987303,1.269651050961329e-12,0.9999999999974607,1
2020-01-21,4.5116351296138424e-39,1.0,-1.0,-1
2020-01-22,0.9988430455959548,0.001156954404045174,0.9976860911919097,1
2020-01-23,1.0,0.0,1.0,1
2020-01-24,1.4305232846827068e-14,0.9999999999999857,-0.9999999999999714,-1
2020-01-27,1.0,0.0,1.0,1
2020-01-28,8.967742301153483e-13,0.9999999999991033,-0.9999999999982065,-1
2020-01-29,0.9999999552558925,4.474410753019242e-08,0.9999999105117849,1
2020-01-30,4.148560479770176e-31,1.0,-1.0,-1
2020-01-31,0.9999999977171177,2.2828823276199728e-09,0.9999999954342353,1
2020-02-03,3.6692609992801433e-07,0.9999996330739,-0.9999992661478001,-1
2020-02-04,2.469107053356239e-23,1.0,-1.0,-1
2020-02-05,0.9999999999999833,1.6653345369377348e-14,0.9999999999999667,1
2020-02-06,0.9207795421941084,0.0792204578058916,0.8415590843882168,1
2020-02-07,1.0,0.0,1.0,1
2020-02-10,1.0,0.0,1.0,1
2020-02-11,0.0003827724752434316,0.9996172275247566,-0.9992344550495131,-1
2020-02-12,0.9999999943581457,5.6418543170622115e-09,0.9999999887162914,1
2020-02-13,2.2860711763926865e-26,1.0,-1.0,-1
2020-02-14,1.0,0.0,1.0,1
2020-02-18,3.929757658534576e-16,0.9999999999999996,-0.9999999999999991,-1
2020-02-19,0.9928390357657368,0.007160964234263156,0.9856780715314737,1
2020-02-20,3.8301239726827544e-08,0.9999999616987603,-0.9999999233975205,-1
2020-02-21,1.0,0.0,1.0,1
2020-02-24,1.0,0.0,1.0,1
2020-02-25,8.464712367734651e-12,0.9999999999915353,-0.9999999999830707,-1
2020-02-26,1.0,0.0,1.0,1
2020-02-27,1.0,0.0,1.0,1
2020-02-28,0.005148219468595533,0.9948517805314044,-0.9897035610628089,-1
2020-03-02,1.0312507445328132e-17,1.0,-1.0,-1
2020-03-03,1.6857560873737787e-22,1.0,-1.0,-1
2020-03-04,2.133454122587553e-21,1.0,-1.0,-1
2020-03-05,2.1007278573835442e-12,0.9999999999978992,-0.9999999999957985,-1
2020-03-06,3.0798508997559587e-09,0.9999999969201491,-0.9999999938402981,-1
2020-03-09,1.4315548138993016e-17,1.0,-1.0,-1
2020-03-10,0.8121331074314768,0.18786689256852318,0.6242662148629536,1
2020-03-11,3.4905886788789664e-13,0.999999999999651,-0.9999999999993019,-1
2020-03-12,3.7278213790229446e-14,0.9999999999999627,-0.9999999999999254,-1
2020-03-13,6.477257096944706e-20,1.0,-1.0,-1
2020-03-16,0.9999879778742407,1.2022125759347801e-05,0.9999759557484813,1
2020-03-17,0.9999965001217052,3.4998782948436613e-06,0.9999930002434103,1
2020-03-18,1.029276411635301e-06,0.9999989707235883,-0.9999979414471767,-1
2020-03-19,0.9998510282887296,0.00014897171127037367,0.9997020565774593,1
2020-03-20,8.176760802591244e-14,0.9999999999999183,-0.9999999999998366,-1
2020-03-23,2.965835905911034e-14,0.9999999999999704,-0.9999999999999407,-1
2020-03-24,5.283952004731712e-35,1.0,-1.0,-1
2020-03-25,6.813720949665528e-07,0.999999318627905,-0.9999986372558101,-1
2020-03-26,2.0853602755124053e-13,0.9999999999997915,-0.999999999999583,-1
2020-03-27,0.026572346432560987,0.973427653567439,-0.946855307134878,-1
2020-03-30,6.148893886246445e-07,0.9999993851106114,-0.9999987702212227,-1
2020-03-31,0.9999999999998412,1.5876189252139739e-13,0.9999999999996825,1
2020-04-01,9.41142678812343e-05,0.9999058857321188,-0.9998117714642376,-1
2020-04-02,2.6901966110950447e-26,1.0,-1.0,-1
2020-04-03,1.0,0.0,1.0,1
2020-04-06,1.0,0.0,1.0,1
2020-04-07,0.07473001709148527,0.9252699829085147,-0.8505399658170294,-1
2020-04-08,1.3853837851200688e-09,0.9999999986146162,-0.9999999972292324,-1
2020-04-09,1.0,0.0,1.0,1
2020-04-13,7.162857292914933e-12,0.9999999999928372,-0.9999999999856743,-1
2020-04-14,1.0,0.0,1.0,1
2020-04-15,0.7605766406798448,0.23942335932015524,0.5211532813596895,1
2020-04-16,1.0,0.0,1.0,1
2020-04-17,1.0,0.0,1.0,1
2020-04-20,0.9925231576526636,0.0074768423473363654,0.9850463153053273,1
2020-04-21,1.0,0.0,1.0,1
2020-04-22,0.0037198842900108445,0.9962801157099892,-0.9925602314199784,-1
2020-04-23,1.0,0.0,1.0,1
2020-04-24,1.0,0.0,1.0,1
2020-04-27,0.047675835864313364,0.9523241641356867,-0.9046483282713733,-1
2020-04-28,0.9999999228872769,7.711272309585127e-08,0.9999998457745538,1
2020-04-29,0.9999999999998415,1.5853984791647235e-13,0.9999999999996829,1
2020-04-30,2.1883291691259884e-08,0.9999999781167083,-0.9999999562334165,-1
2020-05-01,0.06889743360325969,0.9311025663967403,-0.8622051327934805,-1
2020-05-04,0.9999999999993201,6.799005802804459e-13,0.9999999999986402,1
2020-05-05,0.9999999260957556,7.390424439090992e-08,0.9999998521915112,1
2020-05-06,1.0,0.0,1.0,1
2020-05-07,1.0,0.0,1.0,1
2020-05-08,0.999999999999434,5.659916979539048e-13,0.999999999998868,1
2020-05-11,1.6161181597975033e-18,1.0,-1.0,-1
2020-05-12,1.0805803708929693e-05,0.9999891941962911,-0.9999783883925821,-1
2020-05-13,0.9997871632076517,0.00021283679234829211,0.9995743264153034,1
2020-05-14,0.9999999999999967,3.3306690738754696e-15,0.9999999999999933,1
2020-05-15,1.2516634359140303e-17,1.0,-1.0,-1
2020-05-18,1.0,0.0,1.0,1
2020-05-19,9.348477493154521e-27,1.0,-1.0,-1
2020-05-20,8.917332633870562e-47,1.0,-1.0,-1
2020-05-21,0.5991631121208079,0.40083688787919214,0.19832622424161572,0
2020-05-22,1.0320864898122099e-30,1.0,-1.0,-1
2020-05-26,0.9983487096627333,0.001651290337266742,0.9966974193254665,1
2020-05-27,0.9999999999605689,3.943112503179691e-11,0.9999999999211377,1
2020-05-28,1.4594878968107227e-18,1.0,-1.0,-1
2020-05-29,0.9999999825605664,1.7439433563914974e-08,0.9999999651211329,1
2020-06-01,1.0,0.0,1.0,1
2020-06-02,1.0,0.0,1.0,1
2020-06-03,1.0,0.0,1.0,1
2020-06-04,2.5416866825305155e-10,0.9999999997458313,-0.9999999994916626,-1
2020-06-05,2.6489194816729213e-15,0.9999999999999973,-0.9999999999999947,-1
2020-06-08,1.0,0.0,1.0,1
2020-06-09,1.0,0.0,1.0,1
2020-06-10,1.5646544364712e-17,1.0,-1.0,-1
2020-06-11,0.8287833794589775,0.1712166205410225,0.657566758917955,1
2020-06-12,0.999999998916911,1.0830889518587128e-09,0.9999999978338221,1
2020-06-15,0.9999999946244644,5.3755355722273634e-09,0.9999999892489289,1
2020-06-16,0.9999999999999951,4.884981308350689e-15,0.9999999999999902,1
2020-06-17,1.0,0.0,1.0,1
2020-06-18,1.3500752267114176e-23,1.0,-1.0,-1
2020-06-19,4.3864890461454524e-05,0.9999561351095385,-0.999912270219077,-1
2020-06-22,1.3026502872367564e-08,0.9999999869734971,-0.9999999739469942,-1
2020-06-23,6.354990470707121e-06,0.9999936450095293,-0.9999872900190585,-1
2020-06-24,0.3855608807439821,0.6144391192560179,-0.22887823851203581,-1
2020-06-25,0.0007302981816219893,0.999269701818378,-0.9985394036367561,-1
2020-06-26,1.471370976190458e-09,0.999999998528629,-0.999999997057258,-1
2020-06-29,1.8942341056798447e-13,0.9999999999998106,-0.9999999999996212,-1
2020-06-30,8.37332441455194e-11,0.9999999999162668,-0.9999999998325335,-1
2020-07-01,6.700525951343071e-10,0.9999999993299474,-0.9999999986598949,-1
2020-07-02,6.248261612209687e-06,0.9999937517383878,-0.9999875034767756,-1
2020-07-06,1.3374304852309306e-41,1.0,-1.0,-1
2020-07-07,0.9404067232413738,0.059593276758626246,0.8808134464827475,1
2020-07-08,0.9999991985143541,8.014856458515851e-07,0.9999983970287083,1
2020-07-09,5.682958773363804e-12,0.999999999994317,-0.999999999988634,-1
2020-07-10,0.9999999990982151,9.017848690007213e-10,0.9999999981964303,1
2020-07-13,0.9999999999999996,4.440892098500626e-16,0.9999999999999991,1
2020-07-14,0.9999993770585839,6.229414161174063e-07,0.9999987541171678,1
2020-07-15,1.0,0.0,1.0,1
2020-07-16,0.9995639480812286,0.00043605191877138516,0.9991278961624572,1
2020-07-17,1.3114906436444977e-05,0.9999868850935636,-0.9999737701871272,-1
2020-07-20,6.043526880714835e-13,0.9999999999993956,-0.9999999999987912,-1
2020-07-21,5.0909658724261044e-12,0.9999999999949091,-0.9999999999898181,-1
2020-07-22,0.9120443080009836,0.08795569199901643,0.8240886160019671,1
2020-07-23,2.980237310980735e-10,0.9999999997019763,-0.9999999994039526,-1
2020-07-24,1.7500943389005693e-24,1.0,-1.0,-1
2020-07-27,1.0,0.0,1.0,1
2020-07-28,1.214392028716253e-07,0.9999998785607971,-0.9999997571215942,-1
2020-07-29,1.2813039428409932e-21,1.0,-1.0,-1
2020-07-30,9.733858391098726e-16,0.999999999999999,-0.999999999999998,-1
2020-07-31,0.021947754765472914,0.978052245234527,-0.9561044904690541,-1
2020-08-03,1.2673604840416813e-31,1.0,-1.0,-1
2020-08-04,0.9999756750273245,2.4324972675460188e-05,0.9999513500546491,1
2020-08-05,1.0592799305782745e-18,1.0,-1.0,-1
2020-08-06,0.9999999999367937,6.320632905953971e-11,0.9999999998735873,1
2020-08-07,0.00039701629596420554,0.9996029837040358,-0.9992059674080715,-1
2020-08-10,1.0,0.0,1.0,1
2020-08-11,0.5101541953456677,0.48984580465433225,0.0203083906913355,0
2020-08-12,1.0,0.0,1.0,1
2020-08-13,1.0,0.0,1.0,1
2020-08-14,0.8443715163482161,0.15562848365178394,0.6887430326964321,1
2020-08-17,1.0,0.0,1.0,1
2020-08-18,1.0,0.0,1.0,1
2020-08-19,0.9999999999999791,2.0872192862952943e-14,0.9999999999999583,1
2020-08-20,1.0,0.0,1.0,1
2020-08-21,0.9999999999887248,1.1275202993488165e-11,0.9999999999774496,1
2020-08-24,1.0,0.0,1.0,1
2020-08-25,1.0,0.0,1.0,1
2020-08-26,1.0,0.0,1.0,1
2020-08-27,8.035834225862114e-18,1.0,-1.0,-1
2020-08-28,0.9999999999999984,1.5543122344752192e-15,0.9999999999999969,1
2020-08-31,1.0,0.0,1.0,1
2020-09-01,0.9999999985444568,1.4555432414908864e-09,0.9999999970889135,1
2020-09-02,1.0,0.0,1.0,1
2020-09-03,3.881084211529334e-09,0.9999999961189158,-0.9999999922378315,-1
2020-09-04,0.9999998326420689,1.673579310690343e-07,0.9999996652841379,1
2020-09-08,4.643729283723733e-26,1.0,-1.0,-1
2020-09-09,7.378946799682167e-08,0.999999926210532,-0.999999852421064,-1
2020-09-10,2.0164340330277165e-10,0.9999999997983566,-0.9999999995967133,-1
2020-09-11,0.9999999999999996,4.440892098500626e-16,0.9999999999999991,1
2020-09-14,1.0,0.0,1.0,1
2020-09-15,7.583291001572035e-11,0.9999999999241671,-0.9999999998483342,-1
2020-09-16,8.091841247973794e-13,0.9999999999991909,-0.9999999999983817,-1
2020-09-17,0.9999999999924059,7.594147533040996e-12,0.9999999999848117,1
2020-09-18,1.1381669034782697e-13,0.9999999999998862,-0.9999999999997724,-1
2020-09-21,2.2216179047735763e-06,0.9999977783820952,-0.9999955567641905,-1
2020-09-22,0.9999999946947553,5.305244688003086e-09,0.9999999893895106,1
2020-09-23,4.4024198038739115e-17,1.0,-1.0,-1
2020-09-24,2.2277893444976082e-09,0.9999999977722106,-0.9999999955444212,-1
2020-09-25,0.9997369342574349,0.00026306574256507176,0.9994738685148699,1
2020-09-28,1.0,0.0,1.0,1
2020-09-29,1.3905109717915838e-38,1.0,-1.0,-1
2020-09-30,1.0,0.0,1.0,1
2020-10-01,3.720714421107552e-21,1.0,-1.0,-1
2020-10-02,2.4324967191999875e-19,1.0,-1.0,-1
2020-10-05,0.999986639987601,1.3360012399044052e-05,0.9999732799752019,1
2020-10-06,1.644927589018988e-18,1.0,-1.0,-1
2020-10-07,2.381691764463434e-19,1.0,-1.0,-1
2020-10-08,1.4367682898670157e-23,1.0,-1.0,-1
2020-10-09,1.0,0.0,1.0,1
2020-10-12,9.268063690070154e-28,1.0,-1.0,-1
2020-10-13,6.241850525310041e-05,0.9999375814947469,-0.9998751629894937,-1
2020-10-14,1.4173591254250208e-05,0.9999858264087458,-0.9999716528174916,-1
2020-10-15,2.6254435638509508e-18,1.0,-1.0,-1
2020-10-16,0.9999999999999973,2.6645352591003757e-15,0.9999999999999947,1
2020-10-19,2.300755587548266e-27,1.0,-1.0,-1
2020-10-20,2.1962540397889346e-16,0.9999999999999998,-0.9999999999999996,-1
2020-10-21,1.0,0.0,1.0,1
2020-10-22,1.0,0.0,1.0,1
2020-10-23,0.0008355324214657139,0.9991644675785343,-0.9983289351570686,-1
2020-10-26,1.2157354098309879e-17,1.0,-1.0,-1
2020-10-27,0.9999999999999112,8.881784197001252e-14,0.9999999999998224,1
2020-10-28,0.9828613908867586,0.017138609113241388,0.9657227817735172,1
2020-10-29,2.2824582978617154e-38,1.0,-1.0,-1
2020-10-30,3.872328698922679e-16,0.9999999999999997,-0.9999999999999993,-1
2020-11-02,1.0,0.0,1.0,1
2020-11-03,0.9996762533829927,0.00032374661700729224,0.9993525067659854,1
2020-11-04,6.728810299671098e-28,1.0,-1.0,-1
2020-11-05,1.0,0.0,1.0,1
2020-11-06,0.9997780089424081,0.00022199105759190818,0.9995560178848162,1
2020-11-09,1.0,0.0,1.0,1
2020-11-10,0.9999998988839771,1.0111602288809252e-07,0.9999997977679542,1
2020-11-11,1.0,0.0,1.0,1
2020-11-12,5.443574345458506e-09,0.9999999945564256,-0.9999999891128513,-1
2020-11-13,1.3995953941158823e-09,0.9999999986004046,-0.9999999972008091,-1
2020-11-16,1.452619461241615e-07,0.9999998547380539,-0.9999997094761077,-1
2020-11-17,1.0,0.0,1.0,1
2020-11-18,1.0,0.0,1.0,1
2020-11-19,0.0006924193510000092,0.9993075806489999,-0.9986151612979999,-1
2020-11-20,1.0,0.0,1.0,1
2020-11-23,1.394629347255685e-06,0.9999986053706528,-0.9999972107413055,-1
2020-11-24,1.746614397811552e-12,0.9999999999982534,-0.9999999999965068,-1
2020-11-25,0.9999999999999936,6.439293542825908e-15,0.9999999999999871,1
2020-11-27,1.0,0.0,1.0,1
2020-11-30,0.9998827655913629,0.00011723440863709023,0.9997655311827258,1
2020-12-01,1.0,0.0,1.0,1
2020-12-02,1.0,0.0,1.0,1
2020-12-03,5.965365845361262e-08,0.9999999403463415,-0.9999998806926831,-1
2020-12-04,1.0,0.0,1.0,1
2020-12-07,0.9932567387316567,0.006743261268343348,0.9865134774633133,1
2020-12-08,2.369744192505625e-11,0.9999999999763025,-0.999999999952605,-1
2020-12-09,9.429774742759456e-09,0.9999999905702253,-0.9999999811404505,-1
2020-12-10,0.4868313626213438,0.5131686373786561,-0.026337274757312346,0
2020-12-11,1.0,0.0,1.0,1
2020-12-14,1.0,0.0,1.0,1
2020-12-15,1.0,0.0,1.0,1
2020-12-16,0.9999999999999998,2.220446049250313e-16,0.9999999999999996,1
2020-12-17,1.0,0.0,1.0,1
2020-12-18,0.9999950494801506,4.950519849389323e-06,0.9999900989603012,1
2020-12-21,0.9999999999999993,6.661338147750939e-16,0.9999999999999987,1
2020-12-22,0.999999999999998,1.9984014443252818e-15,0.999999999999996,1
2020-12-23,0.9999999999995541,4.4586556668946287e-13,0.9999999999991083,1
2020-12-24,0.8991728234202421,0.10082717657975793,0.7983456468404841,1
2020-12-28,1.0,0.0,1.0,1
2020-12-29,5.180484811197098e-05,0.999948195151888,-0.9998963903037761,-1
2020-12-30,0.9990814585954156,0.000918541404584361,0.9981629171908313,1
2020-12-31,2.866658471955006e-11,0.9999999999713334,-0.9999999999426668,-1
2021-01-04,1.0,0.0,1.0,1
2021-01-05,1.224540986269618e-33,1.0,-1.0,-1
2021-01-06,0.9999999962099073,3.790092684141655e-09,0.9999999924198146,1
2021-01-07,1.0,0.0,1.0,1
2021-01-08,1.0,0.0,1.0,1
2021-01-11,1.0,0.0,1.0,1
2021-01-12,0.9999999981093437,1.8906562981868547e-09,0.9999999962186874,1
2021-01-13,0.9999881645728123,1.1835427187745218e-05,0.9999763291456245,1
2021-01-14,7.32780086959766e-11,0.999999999926722,-0.9999999998534439,-1
2021-01-15,1.0,0.0,1.0,1
2021-01-19,0.9999999999998468,1.532107773982716e-13,0.9999999999996936,1
2021-01-20,0.15585740470290568,0.8441425952970943,-0.6882851905941887,-1
2021-01-21,0.986635747723873,0.013364252276127031,0.9732714954477459,1
2021-01-22,1.6573256597543243e-19,1.0,-1.0,-1
2021-01-25,0.9999999999999865,1.354472090042691e-14,0.9999999999999729,1
2021-01-26,1.0,0.0,1.0,1
2021-01-27,0.9999999998999012,1.0009881812322874e-10,0.9999999997998024,1
2021-01-28,1.0,0.0,1.0,1
2021-01-29,1.875236506268849e-14,0.9999999999999812,-0.9999999999999625,-1
2021-02-01,1.0,0.0,1.0,1
2021-02-02,1.0,0.0,1.0,1
2021-02-03,1.0,0.0,1.0,1
2021-02-04,1.0,0.0,1.0,1
2021-02-05,0.9999995600029081,4.3999709187225733e-07,0.9999991200058163,1
2021-02-08,0.03771083557240259,0.9622891644275974,-0.9245783288551948,-1
2021-02-09,0.3264332199192788,0.6735667800807212,-0.3471335601614424,-1
2021-02-10,1.0,0.0,1.0,1
2021-02-11,6.5272436321419344e-18,1.0,-1.0,-1
2021-02-12,0.997675116663831,0.0023248833361689814,0.995350233327662,1
2021-02-16,1.0,0.0,1.0,1
2021-02-17,0.9999999999999973,2.6645352591003757e-15,0.9999999999999947,1
2021-02-18,5.339969155982475e-29,1.0,-1.0,-1
2021-02-19,1.0,0.0,1.0,1
2021-02-22,9.749040119227695e-25,1.0,-1.0,-1
2021-02-23,0.9999997555818869,2.444181130822898e-07,0.9999995111637738,1
2021-02-24,1.1122627603096445e-18,1.0,-1.0,-1
2021-02-25,0.9995854494920366,0.0004145505079633516,0.9991708989840733,1
2021-02-26,1.0,0.0,1.0,1
2021-03-01,1.3733918600151513e-08,0.9999999862660814,-0.9999999725321629,-1
2021-03-02,0.9846541106453883,0.015345889354611675,0.9693082212907767,1
2021-03-03,1.3272044523891896e-17,1.0,-1.0,-1
2021-03-04,1.0,0.0,1.0,1
2021-03-05,1.0,0.0,1.0,1
2021-03-08,0.018676033788036724,0.9813239662119633,-0.9626479324239265,-1
2021-03-09,0.9999999999784381,2.156186340585009e-11,0.9999999999568763,1
2021-03-10,7.418740982360753e-13,0.9999999999992581,-0.9999999999985163,-1
2021-03-11,8.079372062016449e-19,1.0,-1.0,-1
2021-03-12,1.0,0.0,1.0,1
2021-03-15,1.0,0.0,1.0,1
2021-03-16,1.061901725056418e-12,0.9999999999989381,-0.9999999999978761,-1
2021-03-17,0.9945972078640805,0.005402792135919543,0.9891944157281609,1
2021-03-18,0.0003497375442317974,0.9996502624557682,-0.9993005249115363,-1
2021-03-19,8.618978666784244e-13,0.9999999999991381,-0.9999999999982763,-1
2021-03-22,1.1719452350291242e-08,0.9999999882805477,-0.9999999765610954,-1
2021-03-23,1.023158420020784e-06,0.99999897684158,-0.99999795368316,-1
2021-03-24,5.91836626700304e-48,1.0,-1.0,-1
2021-03-25,0.9531461703822348,0.046853829617765186,0.9062923407644696,1
2021-03-26,0.9999999878077742,1.2192225784524169e-08,0.9999999756155484,1
2021-03-29,1.0,0.0,1.0,1
2021-03-30,3.3231672925088044e-28,1.0,-1.0,-1
2021-03-31,0.9999999999878231,1.2176926134088717e-11,0.9999999999756461,1
2021-04-01,0.08508404836446869,0.9149159516355313,-0.8298319032710626,-1
2021-04-05,2.0343260541774504e-13,0.9999999999997966,-0.9999999999995932,-1
2021-04-06,0.9999999923978297,7.602170337683845e-09,0.9999999847956593,1
2021-04-07,9.368163123085652e-06,0.9999906318368769,-0.9999812636737537,-1
2021-04-08,0.9999999999239464,7.60536078558971e-11,0.9999999998478928,1
2021-04-09,1.5656390237706138e-10,0.9999999998434361,-0.9999999996868723,-1
2021-04-12,0.9999999871082238,1.2891776202117455e-08,0.9999999742164476,1
2021-04-13,1.3538669334581828e-24,1.0,-1.0,-1
2021-04-14,0.9500849879031317,0.04991501209686833,0.9001699758062633,1
2021-04-15,1.0703384362388758e-06,0.9999989296615638,-0.9999978593231276,-1
2021-04-16,2.0849725940071104e-12,0.999999999997915,-0.99999999999583,-1
2021-04-19,1.0,0.0,1.0,1
2021-04-20,3.6232063887522744e-33,1.0,-1.0,-1
2021-04-21,1.0,0.0,1.0,1
2021-04-22,0.9999999999999984,1.5543122344752192e-15,0.9999999999999969,1
2021-04-23,1.0,0.0,1.0,1
2021-04-26,1.0,0.0,1.0,1
2021-04-27,1.0,0.0,1.0,1
2021-04-28,1.0,0.0,1.0,1
2021-04-29,1.0,0.0,1.0,1
2021-04-30,1.0271571770999823e-13,0.9999999999998973,-0.9999999999997946,-1
2021-05-03,1.0,0.0,1.0,1
2021-05-04,1.424946258051233e-42,1.0,-1.0,-1
2021-05-05,0.9999999999427258,5.7274185394362576e-11,0.9999999998854516,1
2021-05-06,5.342635010738502e-06,0.9999946573649893,-0.9999893147299785,-1
2021-05-07,0.9982000268362119,0.0017999731637881045,0.9964000536724238,1
2021-05-10,5.843912574816526e-13,0.9999999999994156,-0.9999999999988312,-1
2021-05-11,0.9996704424247395,0.00032955757526054175,0.9993408848494789,1
2021-05-12,3.821638984772199e-15,0.9999999999999962,-0.9999999999999925,-1
2021-05-13,1.912414405742836e-11,0.9999999999808759,-0.9999999999617517,-1
2021-05-14,2.3756843516960716e-12,0.9999999999976243,-0.9999999999952487,-1
2021-05-17,0.999999757327857,2.426721430470735e-07,0.9999995146557139,1
2021-05-18,3.988155506446169e-40,1.0,-1.0,-1
2021-05-19,0.9919892377718307,0.008010762228169321,0.9839784755436614,1
2021-05-20,7.610177764646333e-30,1.0,-1.0,-1
2021-05-21,1.0,0.0,1.0,1
2021-05-24,0.9992870841750242,0.0007129158249757905,0.9985741683500484,1
2021-05-25,0.9999999999999998,2.220446049250313e-16,0.9999999999999996,1
2021-05-26,0.9938537849895166,0.006146215010483402,0.9877075699790332,1
2021-05-27,0.9225380505471368,0.07746194945286322,0.8450761010942736,1
2021-05-28,1.0,0.0,1.0,1
2021-06-01,8.864981498561528e-15,0.9999999999999911,-0.9999999999999822,-1
2021-06-02,0.9973696088069454,0.0026303911930546375,0.9947392176138907,1
2021-06-03,0.9999916956871799,8.304312820062165e-06,0.9999833913743599,1
2021-06-04,2.7487553708910585e-20,1.0,-1.0,-1
2021-06-07,1.0,0.0,1.0,1
2021-06-08,0.7440589839635076,0.25594101603649244,0.4881179679270151,1
2021-06-09,0.061366290816083705,0.9386337091839163,-0.8772674183678326,-1
2021-06-10,6.995900103264945e-07,0.9999993004099896,-0.9999986008199793,-1
2021-06-11,1.0,0.0,1.0,1
2021-06-14,1.0,0.0,1.0,1
2021-06-15,1.0,0.0,1.0,1
2021-06-16,0.9999999999989007,1.09934283898383e-12,0.9999999999978013,1
2021-06-17,1.0,0.0,1.0,1
2021-06-18,1.0,0.0,1.0,1
2021-06-21,1.0,0.0,1.0,1
2021-06-22,2.4330365583453302e-25,1.0,-1.0,-1
2021-06-23,2.3575477274513897e-47,1.0,-1.0,-1
2021-06-24,1.0,0.0,1.0,1
2021-06-25,3.0708303969433636e-51,1.0,-1.0,-1
2021-06-28,1.0,0.0,1.0,1
2021-06-29,1.0,0.0,1.0,1
2021-06-30,4.072072221867736e-08,0.9999999592792778,-0.9999999185585555,-1
2021-07-01,4.204678001252046e-26,1.0,-1.0,-1
2021-07-02,0.9999999999037628,9.623724039897752e-11,0.9999999998075255,1
2021-07-06,1.0,0.0,1.0,1
2021-07-07,0.9999999999999662,3.375077994860476e-14,0.9999999999999325,1
2021-07-08,1.0,0.0,1.0,1
2021-07-09,1.3818843032225808e-16,0.9999999999999999,-0.9999999999999998,-1
2021-07-12,7.825270277879573e-18,1.0,-1.0,-1
2021-07-13,0.9999999959151706,4.084829363648623e-09,0.9999999918303413,1
2021-07-14,0.762180237027344,0.23781976297265595,0.5243604740546881,1
2021-07-15,0.999993387645128,6.612354871982085e-06,0.999986775290256,1
2021-07-16,0.9999999995836768,4.1632319813800223e-10,0.9999999991673536,1
2021-07-19,0.6839559831526093,0.3160440168473907,0.3679119663052186,1
2021-07-20,0.9999965155586958,3.484441304157926e-06,0.9999930311173917,1
2021-07-21,7.762278296919125e-26,1.0,-1.0,-1
2021-07-22,1.0,0.0,1.0,1
2021-07-23,0.9969183797448053,0.0030816202551946503,0.9938367594896107,1
2021-07-26,0.0030775868288700227,0.99692241317113,-0.9938448263422599,-1
2021-07-27,2.3098485188175616e-21,1.0,-1.0,-1
2021-07-28,1.0,0.0,1.0,1
2021-07-29,0.005776473914298501,0.9942235260857015,-0.988447052171403,-1
2021-07-30,0.29057511761804683,0.7094248823819531,-0.4188497647639063,-1
2021-08-02,1.0,0.0,1.0,1
2021-08-03,9.690485769934102e-23,1.0,-1.0,-1
2021-08-04,1.0,0.0,1.0,1
2021-08-05,0.9999999999999998,2.220446049250313e-16,0.9999999999999996,1
2021-08-06,1.0,0.0,1.0,1
2021-08-09,7.476948520490587e-44,1.0,-1.0,-1
2021-08-10,7.19002460551087e-11,0.9999999999280997,-0.9999999998561995,-1
2021-08-11,1.0,0.0,1.0,1
2021-08-12,0.00405793191530871,0.9959420680846913,-0.9918841361693826,-1
2021-08-13,1.0,0.0,1.0,1
2021-08-16,0.9998747181389698,0.0001252818610302242,0.9997494362779396,1
2021-08-17,5.55715826662758e-07,0.9999994442841733,-0.9999988885683466,-1
2021-08-18,1.3707729438018183e-13,0.9999999999998629,-0.9999999999997258,-1
2021-08-19,2.2350065918367824e-13,0.9999999999997765,-0.999999999999553,-1
2021-08-20,0.0917718521595589,0.9082281478404411,-0.8164562956808823,-1
2021-08-23,3.608260893650768e-05,0.9999639173910635,-0.999927834782127,-1
2021-08-24,5.688445646376438e-36,1.0,-1.0,-1
2021-08-25,2.654123247394257e-22,1.0,-1.0,-1
2021-08-26,1.3122454574252923e-17,1.0,-1.0,-1
2021-08-27,1.0,0.0,1.0,1
2021-08-30,1.0,0.0,1.0,1
2021-08-31,1.0,0.0,1.0,1
2021-09-01,1.0,0.0,1.0,1
2021-09-02,4.5424417485896973e-07,0.9999995457558252,-0.9999990915116503,-1
2021-09-03,2.3188510741674424e-28,1.0,-1.0,-1
2021-09-07,0.999999988696706,1.1303293967479533e-08,0.9999999773934121,1
2021-09-08,0.8916722827043981,0.10832771729560187,0.7833445654087963,1
2021-09-09,1.0,0.0,1.0,1
2021-09-10,0.9999999999996603,3.397282455352979e-13,0.9999999999993205,1
2021-09-13,2.0677287980294717e-39,1.0,-1.0,-1
2021-09-14,0.0958200772958929,0.9041799227041071,-0.8083598454082142,-1
2021-09-15,0.6405841800638065,0.35941581993619354,0.2811683601276129,1
2021-09-16,0.9999999999994347,5.653255641391297e-13,0.9999999999988693,1
2021-09-17,2.0860418042580554e-61,1.0,-1.0,-1
2021-09-20,1.941619566928918e-22,1.0,-1.0,-1
2021-09-21,2.670985253233563e-24,1.0,-1.0,-1
2021-09-22,4.732120125781245e-16,0.9999999999999996,-0.9999999999999991,-1
2021-09-23,3.2835668492469064e-29,1.0,-1.0,-1
2021-09-24,2.4446329018609818e-29,1.0,-1.0,-1
2021-09-27,1.3888984183763865e-17,1.0,-1.0,-1
2021-09-28,1.889630496752663e-20,1.0,-1.0,-1
2021-09-29,1.0046516462391763e-29,1.0,-1.0,-1
2021-09-30,1.391655539295551e-51,1.0,-1.0,-1
2021-10-01,3.6449586706721234e-05,0.9999635504132933,-0.9999271008265866,-1
2021-10-04,0.9999999999669498,3.3050229220066285e-11,0.9999999999338995,1
2021-10-05,1.0,0.0,1.0,1
2021-10-06,2.547828398258199e-15,0.9999999999999974,-0.9999999999999949,-1
2021-10-07,2.3713406405805136e-30,1.0,-1.0,-1
2021-10-08,1.0,0.0,1.0,1
2021-10-11,7.050833876631392e-05,0.9999294916612337,-0.9998589833224674,-1
2021-10-12,1.0,0.0,1.0,1
2021-10-13,3.1088676402838592e-22,1.0,-1.0,-1
2021-10-14,0.999999760709996,2.3929000403377643e-07,0.9999995214199919,1
2021-10-15,0.9999999625540351,3.7445964884419425e-08,0.9999999251080702,1
2021-10-18,1.0,0.0,1.0,1
2021-10-19,6.467399789413119e-53,1.0,-1.0,-1
2021-10-20,1.0,0.0,1.0,1
2021-10-21,1.953681087643989e-30,1.0,-1.0,-1
2021-10-22,0.9999999999963223,3.6777247913732936e-12,0.9999999999926446,1
2021-10-25,1.0,0.0,1.0,1
2021-10-26,1.0,0.0,1.0,1
2021-10-27,1.6959875516265779e-12,0.999999999998304,-0.999999999996608,-1
2021-10-28,7.551450974217557e-25,1.0,-1.0,-1
2021-10-29,1.1365158674989218e-06,0.9999988634841325,-0.9999977269682649,-1
2021-11-01,0.9999999806203942,1.937960580900011e-08,0.9999999612407884,1
2021-11-02,0.9999999999999989,1.1102230246251565e-15,0.9999999999999978,1
2021-11-03,1.0,0.0,1.0,1
2021-11-04,0.9999999999999905,9.547918011776346e-15,0.9999999999999809,1
2021-11-05,7.710694299332592e-23,1.0,-1.0,-1
2021-11-08,0.9999999668602229,3.313977714469729e-08,0.9999999337204457,1
2021-11-09,1.9556676133496333e-15,0.999999999999998,-0.999999999999996,-1
2021-11-10,1.0,0.0,1.0,1
2021-11-11,0.8598446723026637,0.1401553276973363,0.7196893446053274,1
2021-11-12,1.0,0.0,1.0,1
2021-11-15,1.0,0.0,1.0,1
2021-11-16,8.974835454757051e-05,0.9999102516454524,-0.9998205032909049,-1
2021-11-17,1.0,0.0,1.0,1
2021-11-18,0.009111317489490395,0.9908886825105097,-0.9817773650210193,-1
2021-11-19,1.0,0.0,1.0,1
2021-11-22,1.0,0.0,1.0,1
2021-11-23,1.0,0.0,1.0,1
2021-11-24,1.0,0.0,1.0,1
2021-11-26,0.9978697719110134,0.002130228088986552,0.9957395438220269,1
2021-11-29,0.7162589704222682,0.28374102957773184,0.4325179408445363,1
2021-11-30,0.0015992411332894786,0.9984007588667105,-0.9968015177334211,-1
2021-12-01,1.0322996861226734e-10,0.99999999989677,-0.99999999979354,-1
2021-12-02,1.0,0.0,1.0,1
2021-12-03,1.0,0.0,1.0,1
2021-12-06,0.015951490551749017,0.984048509448251,-0.9680970188965019,-1
2021-12-07,8.41419100876201e-08,0.9999999158580899,-0.9999998317161798,-1
2021-12-08,2.0406509096753524e-41,1.0,-1.0,-1
2021-12-09,8.657737398916162e-74,1.0,-1.0,-1
2021-12-10,1.0,0.0,1.0,1
2021-12-13,0.9999740857939896,2.5914206010391183e-05,0.9999481715879792,1
2021-12-14,0.0009999733418741658,0.9990000266581258,-0.9980000533162516,-1
2021-12-15,0.9254061327156509,0.07459386728434914,0.8508122654313017,1
2021-12-16,0.955478828025458,0.04452117197454197,0.910957656050916,1
2021-12-17,0.9999999999999996,4.440892098500626e-16,0.9999999999999991,1
2021-12-20,6.245021756712869e-50,1.0,-1.0,-1
2021-12-21,5.000399188587232e-21,1.0,-1.0,-1
2021-12-22,1.0,0.0,1.0,1
2021-12-23,1.0,0.0,1.0,1
2021-12-27,1.0,0.0,1.0,1
2021-12-28,5.279348586572524e-30,1.0,-1.0,-1
2021-12-29,2.2855875636550265e-43,1.0,-1.0,-1
2021-12-30,1.0,0.0,1.0,1
2021-12-31,1.2296904781568186e-35,1.0,-1.0,-1
2022-01-03,1.0,0.0,1.0,1
2022-01-04,2.0348292704803607e-08,0.9999999796517073,-0.9999999593034146,-1
2022-01-05,0.9999958459407982,4.154059201844085e-06,0.9999916918815963,1
2022-01-06,1.0,0.0,1.0,1
2022-01-07,1.0,0.0,1.0,1
2022-01-10,1.0,0.0,1.0,1
2022-01-11,1.0,0.0,1.0,1
2022-01-12,1.2344484738214452e-10,0.9999999998765552,-0.9999999997531104,-1
2022-01-13,1.2284592903464354e-67,1.0,-1.0,-1
2022-01-14,1.0,0.0,1.0,1
2022-01-18,3.732979396435257e-20,1.0,-1.0,-1
2022-01-19,1.8738898154401832e-67,1.0,-1.0,-1
2022-01-20,6.241416652510493e-41,1.0,-1.0,-1
2022-01-21,7.942373794399204e-38,1.0,-1.0,-1
2022-01-24,2.459110626477799e-40,1.0,-1.0,-1
2022-01-25,3.44281269640757e-13,0.9999999999996557,-0.9999999999993114,-1
2022-01-26,1.8691814176186112e-40,1.0,-1.0,-1
2022-01-27,0.05694917074285803,0.943050829257142,-0.886101658514284,-1
2022-01-28,0.9999999999999976,2.4424906541753444e-15,0.9999999999999951,1
2022-01-31,1.7143385826506482e-06,0.9999982856614174,-0.9999965713228347,-1
2022-02-01,1.7714289794348632e-07,0.9999998228571021,-0.9999996457142042,-1
2022-02-02,6.869732520727646e-11,0.9999999999313027,-0.9999999998626055,-1
2022-02-03,2.3961094232866675e-16,0.9999999999999998,-0.9999999999999996,-1
2022-02-04,0.999998683649171,1.3163508290059411e-06,0.999997367298342,1
2022-02-07,0.9999964844790065,3.5155209935355813e-06,0.9999929689580129,1
2022-02-08,1.0,0.0,1.0,1
2022-02-09,1.3203745050302987e-24,1.0,-1.0,-1
2022-02-10,8.345124462632766e-16,0.9999999999999991,-0.9999999999999982,-1
2022-02-11,4.3454795112535094e-79,1.0,-1.0,-1
2022-02-14,1.0452638602580051e-10,0.9999999998954736,-0.9999999997909472,-1
2022-02-15,7.0397983379759845e-47,1.0,-1.0,-1
2022-02-16,0.9999999999999998,2.220446049250313e-16,0.9999999999999996,1
2022-02-17,2.973240970971028e-11,0.9999999999702676,-0.9999999999405351,-1
2022-02-18,0.7252870351379843,0.2747129648620157,0.45057407027596863,1
2022-02-22,2.895020517414227e-13,0.9999999999997105,-0.9999999999994209,-1
2022-02-23,0.9999999999998248,1.751931932858497e-13,0.9999999999996496,1
2022-02-24,0.1031583231760601,0.8968416768239399,-0.7936833536478798,-1
2022-02-25,1.0,0.0,1.0,1
2022-02-28,1.0,0.0,1.0,1
2022-03-01,3.001933745869491e-37,1.0,-1.0,-1
2022-03-02,0.9999960373021697,3.962697830317552e-06,0.9999920746043394,1
2022-03-03,4.383394499860604e-59,1.0,-1.0,-1
2022-03-04,1.0,0.0,1.0,1
2022-03-07,1.889810106611741e-11,0.9999999999811019,-0.9999999999622038,-1
2022-03-08,6.946860730574129e-11,0.9999999999305313,-0.9999999998610627,-1
2022-03-09,9.538950612529202e-10,0.9999999990461049,-0.9999999980922099,-1
2022-03-10,0.2861593248679276,0.7138406751320724,-0.4276813502641448,-1
2022-03-11,1.0,0.0,1.0,1
2022-03-14,8.00959316223033e-32,1.0,-1.0,-1
2022-03-15,7.263493621577592e-12,0.9999999999927365,-0.999999999985473,-1
2022-03-16,0.9999999928604126,7.1395873657564835e-09,0.9999999857208253,1
2022-03-17,3.472728168393242e-05,0.999965272718316,-0.9999305454366321,-1
2022-03-18,5.3180194183089004e-39,1.0,-1.0,-1
2022-03-21,0.999943098164562,5.6901835438050163e-05,0.9998861963291239,1
2022-03-22,0.9999999999698632,3.013678195884495e-11,0.9999999999397264,1
2022-03-23,4.676179770318469e-44,1.0,-1.0,-1
2022-03-24,0.9999999999999911,8.881784197001252e-15,0.9999999999999822,1
2022-03-25,0.9999999924820354,7.51796458420273e-09,0.9999999849640708,1
2022-03-28,0.9999805178206648,1.9482179335228444e-05,0.9999610356413295,1
2022-03-29,0.0010193746129351642,0.9989806253870649,-0.9979612507741298,-1
2022-03-30,1.0,0.0,1.0,1
2022-03-31,0.9999999991318034,8.681966257029217e-10,0.9999999982636067,1
2022-04-01,1.8135770707808294e-63,1.0,-1.0,-1
2022-04-04,1.0,0.0,1.0,1
2022-04-05,0.9999999999999818,1.8207657603852567e-14,0.9999999999999636,1
2022-04-06,1.0,0.0,1.0,1
2022-04-07,1.0,0.0,1.0,1
2022-04-08,0.31126326228508316,0.6887367377149168,-0.37747347542983367,-1
2022-04-11,1.0,0.0,1.0,1
2022-04-12,0.9999999999968541,3.1459279625778436e-12,0.9999999999937081,1
2022-04-13,3.384445253267862e-33,1.0,-1.0,-1
2022-04-14,1.0,0.0,1.0,1
2022-04-18,1.0,0.0,1.0,1
2022-04-19,4.283865576325383e-20,1.0,-1.0,-1
2022-04-20,1.0,0.0,1.0,1
2022-04-21,1.0,0.0,1.0,1
2022-04-22,8.669448690823514e-43,1.0,-1.0,-1
2022-04-25,2.408009575325832e-13,0.9999999999997592,-0.9999999999995184,-1
2022-04-26,1.0,0.0,1.0,1
2022-04-27,1.1099954619981647e-53,1.0,-1.0,-1
2022-04-28,1.0365731624666332e-44,1.0,-1.0,-1
2022-04-29,0.13734894770118974,0.8626510522988102,-0.7253021045976205,-1
2022-05-02,1.2894296279734213e-10,0.999999999871057,-0.9999999997421141,-1
2022-05-03,2.990955485257635e-32,1.0,-1.0,-1
2022-05-04,9.414978135340261e-45,1.0,-1.0,-1
2022-05-05,1.2623433704233114e-16,0.9999999999999999,-0.9999999999999998,-1
2022-05-06,1.0616690325264863e-38,1.0,-1.0,-1
2022-05-09,0.9999999999999452,5.484501741648273e-14,0.9999999999998903,1
2022-05-10,5.532372280288283e-37,1.0,-1.0,-1
2022-05-11,1.0,0.0,1.0,1
2022-05-12,2.146885386260534e-23,1.0,-1.0,-1
2022-05-13,0.9999999998802762,1.1972378644031778e-10,0.9999999997605524,1
2022-05-16,1.5277327941319272e-17,1.0,-1.0,-1
2022-05-17,0.9999999999995617,4.383160501220118e-13,0.9999999999991234,1
2022-05-18,3.882542774171035e-36,1.0,-1.0,-1
2022-05-19,1.0,0.0,1.0,1
2022-05-20,0.9999999386182428,6.138175723258144e-08,0.9999998772364855,1
2022-05-23,8.412868513819149e-20,1.0,-1.0,-1
2022-05-24,0.9999996973181294,3.0268187056758933e-07,0.9999993946362589,1
2022-05-25,1.0,0.0,1.0,1
2022-05-26,1.0,0.0,1.0,1
2022-05-27,2.1229508797272666e-30,1.0,-1.0,-1
2022-05-31,1.0,0.0,1.0,1
2022-06-01,0.0017813371784721616,0.9982186628215278,-0.9964373256430556,-1
2022-06-02,1.0,0.0,1.0,1
2022-06-03,1.0,0.0,1.0,1
2022-06-06,1.0052294020360934e-06,0.999998994770598,-0.9999979895411959,-1
2022-06-07,2.5211049222422724e-45,1.0,-1.0,-1
2022-06-08,1.5251038985780175e-19,1.0,-1.0,-1
2022-06-09,9.569366161227896e-16,0.999999999999999,-0.999999999999998,-1
2022-06-10,1.0,0.0,1.0,1
2022-06-13,6.772923665352858e-39,1.0,-1.0,-1
2022-06-14,1.3898314362382788e-08,0.9999999861016856,-0.9999999722033712,-1
2022-06-15,3.732340110595676e-27,1.0,-1.0,-1
2022-06-16,1.0,0.0,1.0,1
2022-06-17,0.9999999992789255,7.210745334162993e-10,0.9999999985578509,1
2022-06-21,0.9963422745820752,0.003657725417924751,0.9926845491641505,1
2022-06-22,1.6254919393301656e-06,0.9999983745080606,-0.9999967490161212,-1
2022-06-23,3.896417669913224e-15,0.9999999999999961,-0.9999999999999922,-1
2022-06-24,0.00017555446286760378,0.9998244455371323,-0.9996488910742647,-1
2022-06-27,4.990851719819306e-52,1.0,-1.0,-1
2022-06-28,0.999999941381647,5.861835294940221e-08,0.9999998827632941,1
2022-06-29,0.9999999971723299,2.8276700980711666e-09,0.9999999943446598,1
2022-06-30,1.0,0.0,1.0,1
2022-07-01,1.9929501486176134e-59,1.0,-1.0,-1
2022-07-05,4.563508680140407e-50,1.0,-1.0,-1
2022-07-06,1.8899617954834634e-15,0.9999999999999981,-0.9999999999999962,-1
2022-07-07,1.0,0.0,1.0,1
2022-07-08,4.826949361437566e-34,1.0,-1.0,-1
2022-07-11,1.8152124550993275e-09,0.9999999981847876,-0.9999999963695752,-1
2022-07-12,7.098971735347371e-15,0.9999999999999929,-0.9999999999999858,-1
2022-07-13,7.528497601908117e-06,0.9999924715023981,-0.9999849430047962,-1
2022-07-14,9.631519905009545e-10,0.999999999036848,-0.999999998073696,-1
2022-07-15,1.0,0.0,1.0,1
2022-07-18,0.9999796644724044,2.03355275956163e-05,0.9999593289448088,1
2022-07-19,1.0,0.0,1.0,1
2022-07-20,0.8980247862027854,0.10197521379721464,0.7960495724055707,1
2022-07-21,0.3795527376877773,0.6204472623122227,-0.24089452462444538,-1
2022-07-22,1.0,0.0,1.0,1
2022-07-25,1.0,0.0,1.0,1
2022-07-26,1.0,0.0,1.0,1
2022-07-27,1.0,0.0,1.0,1
2022-07-28,0.3665398615192328,0.6334601384807672,-0.2669202769615344,-1
2022-07-29,0.9999999897860102,1.0213989765084364e-08,0.9999999795720205,1
2022-08-01,1.0,0.0,1.0,1
2022-08-02,5.173396687127154e-05,0.9999482660331287,-0.9998965320662574,-1
2022-08-03,1.0,0.0,1.0,1
2022-08-04,2.945927159892021e-17,1.0,-1.0,-1
2022-08-05,1.0,0.0,1.0,1
2022-08-08,1.0,0.0,1.0,1
2022-08-09,1.0,0.0,1.0,1
2022-08-10,0.9999999999999187,8.126832540256146e-14,0.9999999999998375,1
2022-08-11,0.9999999899027269,1.0097273128728546e-08,0.9999999798054537,1
2022-08-12,1.0,0.0,1.0,1
2022-08-15,5.189351001716608e-46,1.0,-1.0,-1
2022-08-16,1.0,0.0,1.0,1
2022-08-17,7.635071277025754e-17,0.9999999999999999,-0.9999999999999998,-1
2022-08-18,0.9999738598381974,2.6140161802579165e-05,0.9999477196763948,1
2022-08-19,0.9999782742064721,2.172579352788251e-05,0.9999565484129442,1
2022-08-22,1.0,0.0,1.0,1
2022-08-23,1.0,0.0,1.0,1
2022-08-24,0.049162917961029465,0.9508370820389705,-0.9016741640779411,-1
2022-08-25,0.023156757002253954,0.976843242997746,-0.9536864859954921,-1
2022-08-26,5.1636824075899186e-15,0.9999999999999948,-0.9999999999999896,-1
2022-08-29,1.9591103691980174e-17,1.0,-1.0,-1
2022-08-30,0.9999999992753852,7.24614812597224e-10,0.9999999985507704,1
2022-08-31,0.8925103657669472,0.1074896342330528,0.7850207315338944,1
2022-09-01,4.920324708302036e-33,1.0,-1.0,-1
2022-09-02,2.0232859121624234e-36,1.0,-1.0,-1
2022-09-06,0.999986827526981,1.3172473019018582e-05,0.999973655053962,1
2022-09-07,6.73040631574293e-67,1.0,-1.0,-1
2022-09-08,0.31288118596987213,0.6871188140301279,-0.37423762806025573,-1
2022-09-09,1.2342521146864862e-11,0.9999999999876574,-0.9999999999753149,-1
2022-09-12,6.454449494709902e-06,0.9999935455505052,-0.9999870911010105,-1
2022-09-13,0.009963232991593832,0.9900367670084061,-0.9800735340168123,-1
2022-09-14,1.7139980845094362e-65,1.0,-1.0,-1
2022-09-15,1.1945469819570503e-32,1.0,-1.0,-1
2022-09-16,0.9997581427442245,0.00024185725577552386,0.999516285488449,1
2022-09-19,0.0005907488819844259,0.9994092511180156,-0.9988185022360312,-1
2022-09-20,0.0011650905725539389,0.998834909427446,-0.997669818854892,-1
2022-09-21,7.345683704535987e-14,0.9999999999999265,-0.999999999999853,-1
2022-09-22,1.0294187580157362e-14,0.9999999999999897,-0.9999999999999793,-1
2022-09-23,0.9992649142486485,0.0007350857513515052,0.998529828497297,1
2022-09-26,2.1925897639247974e-29,1.0,-1.0,-1
2022-09-27,6.251679900049351e-32,1.0,-1.0,-1
2022-09-28,1.0,0.0,1.0,1
2022-09-29,1.0,0.0,1.0,1
2022-09-30,5.602903683431923e-38,1.0,-1.0,-1
2022-10-03,7.834236981074377e-06,0.999992165763019,-0.9999843315260379,-1
2022-10-04,2.4567045712987926e-30,1.0,-1.0,-1
2022-10-05,4.86784974161279e-50,1.0,-1.0,-1
2022-10-06,1.0,0.0,1.0,1
2022-10-07,2.41076831841713e-05,0.9999758923168158,-0.9999517846336317,-1
2022-10-10,2.8894404982474314e-21,1.0,-1.0,-1
2022-10-11,4.508680684774731e-22,1.0,-1.0,-1
2022-10-12,3.0478974405068454e-17,1.0,-1.0,-1
2022-10-13,0.015369616032409208,0.9846303839675908,-0.9692607679351817,-1
2022-10-14,1.069334475774164e-23,1.0,-1.0,-1
2022-10-17,0.9999999999726705,2.732947201877778e-11,0.9999999999453411,1
2022-10-18,4.679709799186168e-22,1.0,-1.0,-1
2022-10-19,4.860855148416663e-14,0.9999999999999514,-0.9999999999999027,-1
2022-10-20,0.9999999999996507,3.4927616354707425e-13,0.9999999999993014,1
2022-10-21,1.0,0.0,1.0,1
2022-10-24,0.9999993301984286,6.698015714290406e-07,0.9999986603968571,1
2022-10-25,1.0,0.0,1.0,1
2022-10-26,0.9999999999006333,9.936673706079091e-11,0.9999999998012665,1
2022-10-27,0.024277735360524428,0.9757222646394755,-0.9514445292789511,-1
2022-10-28,2.32699965791868e-07,0.9999997673000343,-0.9999995346000685,-1
2022-10-31,2.6008979386338303e-15,0.9999999999999974,-0.9999999999999949,-1
2022-11-01,1.0,0.0,1.0,1
2022-11-02,0.9999999999883686,1.1631362539787915e-11,0.9999999999767373,1
2022-11-03,0.999879945302764,0.00012005469723597173,0.9997598906055281,1
2022-11-04,9.85193421754462e-21,1.0,-1.0,-1
2022-11-07,0.9999989566262941,1.0433737058779258e-06,0.9999979132525882,1
2022-11-08,2.55276278650074e-31,1.0,-1.0,-1
2022-11-09,5.796449315250518e-32,1.0,-1.0,-1
2022-11-10,1.0,0.0,1.0,1
2022-11-11,0.9999999999974216,2.5783819523894635e-12,0.9999999999948432,1
2022-11-14,5.106204721181313e-05,0.9999489379527882,-0.9998978759055763,-1
2022-11-15,0.9999999809943708,1.900562918155657e-08,0.9999999619887416,1
2022-11-16,0.9999999999999991,8.881784197001252e-16,0.9999999999999982,1
2022-11-17,1.0,0.0,1.0,1
2022-11-18,1.0,0.0,1.0,1
2022-11-21,1.0,0.0,1.0,1
2022-11-22,4.4624008028387085e-21,1.0,-1.0,-1
2022-11-23,1.6468412774436753e-43,1.0,-1.0,-1
2022-11-25,1.2049696375218513e-05,0.9999879503036248,-0.9999759006072495,-1
2022-11-28,2.71955391018054e-40,1.0,-1.0,-1
2022-11-29,1.634513492841433e-12,0.9999999999983655,-0.9999999999967311,-1
2022-11-30,0.998972459507827,0.001027540492173018,0.997944919015654,1
2022-12-01,4.987480546376802e-41,1.0,-1.0,-1
2022-12-02,0.9840537992496231,0.015946200750376893,0.9681075984992462,1
2022-12-05,0.9999999784627329,2.1537267080873335e-08,0.9999999569254658,1
2022-12-06,1.0,0.0,1.0,1
2022-12-07,9.844661071695662e-20,1.0,-1.0,-1
2022-12-08,1.0,0.0,1.0,1
2022-12-09,1.7633242598879588e-07,0.999999823667574,-0.999999647335148,-1
2022-12-12,1.0,0.0,1.0,1
2022-12-13,1.0,0.0,1.0,1
2022-12-14,1.0,0.0,1.0,1
2022-12-15,0.0054079926096618925,0.9945920073903382,-0.9891840147806763,-1
2022-12-16,4.073289267816167e-48,1.0,-1.0,-1
2022-12-19,1.0,0.0,1.0,1
2022-12-20,6.035449143086585e-08,0.9999999396455086,-0.9999998792910172,-1
2022-12-21,1.0,0.0,1.0,1
2022-12-22,1.0,0.0,1.0,1
